id,X,Y
249190020,19.641240005664546,49.96386913518205
249199999,19.266443683036062,49.94970296088316
249190040,19.379122374997905,49.93805094502511
249190050,19.812849134999087,49.94242848118225
249190060,19.964799682106726,49.90469560027132
249190070,19.225305714076246,49.878909415094476
249190080,19.518742468465216,49.881894915989946
249190110,19.691997773028906,49.86914089050381
249199997,19.465633606303385,49.833063730617106
249199996,19.216378594735765,49.81394156551095
249190150,19.91762565540738,49.79646751830579
249199994,19.686547742928386,49.78055293456589
249199993,19.765267527200542,49.77350802946505
249190170,19.78814690531898,49.75951204796314
249190230,19.969609932464003,49.72007301704107
249190240,19.41772176256703,49.68826431920405
249190250,19.82937967866527,49.63502466177366
249190260,19.483776078168166,49.68074007744854
249190270,19.738910264176457,49.678897234757436
249190280,19.90995323717876,49.68353286274167
249199988,19.532150579708798,49.65540857615392
249190360,19.74724163491886,49.61773743369962
249190450,19.58757213269364,49.56379768333504
249190460,19.772293473134038,49.56615099304859
249190470,19.88163149154289,49.56482282970182
249190490,19.651886833060555,49.54881098722269
249190510,19.814358599196535,49.545731568539665
249199987,19.550021606087697,49.53036937347749
249190760,19.679250866190646,49.50248775632863
249190590,19.706435801404695,49.419414657567245
249190790,19.88406117722274,49.391619240801234
249190620,19.973230078445674,49.38424218161754
249190640,19.92911167561464,49.33221738785796
249199982,19.950000000012054,49.33333333109336
249199981,19.908302560311174,49.309994540359106
249190650,19.932144461753836,49.307111216823905
249190830,19.87086764639479,49.2777568124377
249199977,19.98053259384556,49.268642494334465
249200030,20.03755230739266,49.94081008950335
249200040,20.828431810713976,49.953025440875145
249200050,20.30914730525008,49.92069628351202
249209998,20.46560404229881,49.91688245526629
249209997,20.60935166136572,49.918982384047084
249209996,20.216666670015826,49.90000000109457
249200060,20.58819463526597,49.8953106860548
249200080,20.27561025601089,49.86197796193646
249209995,20.53747994981921,49.865028648137276
249200090,20.84143546420956,49.85858302069458
249209994,20.583333330020526,49.81666667109305
249209993,20.66856212570719,49.81561571699501
249200570,20.01284668026019,49.812492360856375
249200120,20.416154078334085,49.785330359483986
249200140,20.0744569285757,49.75017028392225
249200150,20.638916145484544,49.738309040981036
249209989,20.25000000001613,49.71666667109406
249200160,20.627996831096844,49.71847707400925
249200170,20.8296318277903,49.71207918929252
249209988,20.182680210580216,49.699554358465534
249200190,20.05585769750785,49.658164846574635
249200210,20.215057650897613,49.65235238034921
249209985,20.46880892262222,49.653071208426894
249209984,20.566799227500322,49.654128691245276
249200220,20.38324154472735,49.64036109118096
249209983,20.08007351965121,49.62086321961489
249209982,20.346233971779004,49.614960749931896
249200230,20.953403611959654,49.61918119432557
249200250,20.02578347650911,49.58958926688118
249209981,20.331530410815457,49.52621202358157
249200280,20.858391238975923,49.52590572339464
249200290,20.24477609850486,49.51024341689642
249200310,20.047015918330377,49.49078919372539
249200340,20.20957295484408,49.46583905664256
249200350,20.956547326938928,49.46512588504463
249200380,20.02640306660847,49.425301677311275
249209977,20.49956630346984,49.42507798558422
249200450,20.104986444129384,49.412828360175745
249200460,20.258700525971523,49.402471837775735
249200520,20.998055560025385,49.34361111108703
249200530,20.11504969779808,49.263662111112176
249200910,20.071517488318115,49.20107398154472
249210010,21.308287903949708,49.98715246920199
249210020,21.553201156148013,49.92690605186995
249219999,21.76645453922192,49.933171731949635
249210030,21.047482006523488,49.903843245171686
249219998,21.317295651359906,49.88261842774262
249219997,21.415219901891167,49.88092317158762
249219996,21.81621297868884,49.877792341641204
249210050,21.249631092656507,49.80537991380195
249210060,21.855906813605703,49.78722026352496
249219995,21.4654596889839,49.73307333615148
249210080,21.48217930412384,49.739395362885006
249219991,21.898088041902128,49.6693694203895
249210090,21.17118946458412,49.65520753037914
249210110,21.386746395310986,49.650483272720344
249219989,21.082379103512135,49.61835041010885
249210120,21.533233069836918,49.61166305819396
249219988,21.96491643233477,49.596211361415165
249210130,21.695794574143804,49.57762675832134
249210160,21.961447922573996,49.71663735254516
249210170,21.34550017980404,49.55854524450979
249219987,21.760967745312353,49.54952905417262
249210180,21.489315409531393,49.51574087110499
249210190,21.865423116336434,49.5007646349185
249210210,21.907334005289968,49.48987156502949
249219986,21.697177334783024,49.465494440566985
249210220,21.42078772786059,49.453801486944556
249210250,21.809994718826378,49.4400118642349
249210260,21.00891127108962,49.392348100818076
249210270,21.999164370816388,49.378725942380115
249229999,22.29112207343847,49.979323642952494
249220010,22.407131744887728,49.98519948254394
249220020,22.016788868396375,49.96710935864661
249220030,22.35479953534334,49.88733655870652
249229995,22.65432951527712,49.777338720342875
249229994,22.01236730287498,49.695480847771876
249220050,22.22132108191769,49.690464241148206
249220070,22.640040913267796,49.65446173848046
249220090,22.069687904380643,49.567485957125044
249220110,22.0252917891566,49.50770618828092
249220120,22.547864130217256,49.507105656299885
249220130,22.62115356457562,49.44324551685075
249229992,22.415461026255088,49.43279747878697
249220140,22.14697507278354,49.39894604410961
249220160,22.531051600327864,49.380132679785554
249229991,22.66259622025329,49.3641525293295
249220190,22.447607382573864,49.31477667725422
249220220,22.576597668181453,49.303235451370945
249220230,22.69235441744077,49.24820875686843
249220240,22.27171810674322,49.208893018342074
249220250,22.331140640792555,49.212645268347515
249220260,22.63391497489965,49.22091018336666
249220270,22.424665538737234,49.196304845094325
249220290,22.317028497596606,49.153280656924345
249220310,22.471869310110186,49.14480836349365
249230010,23.063159675137186,49.9749629067421
250190430,19.537220376951844,50.04820907862525
250210150,21.529593577802796,50.49889103962112
250210070,21.25533755776783,50.770295352966315
250200010,20.64983364415498,50.97860984720106
250200060,20.933333330026166,50.850000001091516
250200290,20.710112107500272,50.0658912569727
250220130,22.789918777624084,50.50675373228234
250219992,21.69471948896074,50.3887384030295
250209995,20.759063166020542,50.61593672167925
250200190,20.557156937704715,50.425837320408014
250220160,22.59317264557082,50.26054113325801
250200110,20.90271475032171,50.758473287069684
250219984,21.25070826771813,50.06875984442406
250209998,20.819583726345858,50.79774084059687
250200270,20.990093162522196,50.17767750831741
250220080,22.666108393871045,50.67497357966243
250230130,23.046444160606203,50.19660784968551
250219996,21.87958976965703,50.56718789621181
250220170,22.443759465413468,50.172589190799926
250199991,19.977306440799953,50.217645866768336
250209987,20.741411470337834,50.16795033768782
250200260,20.323629992332894,50.18404505380457
250220070,22.418611110025875,50.706111110942466
250220210,22.696459488164997,50.01836225002988
250210090,21.187068139764175,50.72465580437011
250230060,23.05834987109031,50.48751765484285
250200240,20.53451819327378,50.25987565255967
250210120,21.450142582428434,50.653194936394826
250200130,20.52474420365253,50.6125329770448
250209984,20.36897731889057,50.04586852234463
250210220,21.745816443642948,50.26233009597707
250200090,20.033348380537863,50.79307112719888
250200150,20.49837930723696,50.53168796917857
250199987,19.842569175431912,50.045769425402824
250219997,21.331225842678226,50.73637829348056
250199989,19.63333333000832,50.13333333109559
250200170,20.144841906402796,50.442251994000195
250219993,21.033914929839902,50.42502556310329
250229992,22.899408167073588,50.021675517311024
250229999,22.0905848041006,50.701904870178495
250219986,21.033083513854557,50.08005244489829
250220190,22.249942915816064,50.09306578868806
250210160,21.751856702057463,50.36661653390023
250200080,20.259057158022056,50.810452132439096
250210210,21.43283191767599,50.27932574175153
250219985,21.9859231385185,50.08212347611966
250209996,20.11192750911396,50.6831624162811
250230090,23.32995814637949,50.35503187553053
250190360,19.602804601860047,50.17114110199097
250200350,20.49464722804606,50.95870610264899
250200030,20.4611111100199,50.95638889109597
250229996,22.96652832228459,50.31344470990883
250190340,19.828302491887314,50.20222402638228
250209997,20.10024232771741,50.73647288261926
250219991,21.64109025752232,50.31138394231267
250190440,19.247298896090822,50.03983545849052
250209989,20.083808594498308,50.199698019380484
250209986,20.08779246166454,50.11821986361841
250220180,22.761321325786586,50.134491158560415
250210230,21.269829929342144,50.19967296217049
250200250,20.230957588603342,50.253254939987634
250210110,21.048527623513287,50.67154547723718
250210250,21.595590211704216,50.04488365902383
250220150,22.34746974330342,50.326223092157534
250230110,23.186202181452963,50.32120259142431
250229997,22.250000000031708,50.4333333309823
250200050,20.41167216770644,50.86545735812587
250210080,21.077123158553633,50.73669683761869
250200140,20.055522626234026,50.562531242745436
250210260,21.70364428631451,50.07811655597057
250209988,20.148642830120043,50.1916075252178
250239996,23.226965230027233,50.41463624170812
250209999,20.31883060604161,50.952569928430826
250220090,22.041451429420015,50.593868681641666
250229994,22.941673757594447,50.23809413639031
250200180,20.928788643718306,50.444546082836354
250209994,20.29827492008385,50.53103179436449
250219995,21.387064594851903,50.5376966223966
250200160,20.688230190180786,50.52420625302403
250209991,20.03464609884311,50.294561139502576
250210190,21.08142878747461,50.313757032732255
250210140,21.002123289580673,50.59224536172678
250219976,21.686983484951586,50.83503471481532
250190280,19.760770225204794,50.312341179859146
250199988,19.815940983002474,50.13530224841892
250209985,20.529442930088823,50.12374379428347
250230140,23.15828990255848,50.01770218088481
250210170,21.931888129906486,50.341310044644615
250209992,20.679857499130517,50.35165707021909
250209993,20.202748549868886,50.51831640602043
250219989,21.19865800200972,50.27220317444556
250219998,21.85995452841002,50.801736108963375
250229998,22.33049045275559,50.49673621162513
249200960,20.05491308201873,49.48630552728057
349190625,19.960317559722473,49.293820537783006
349190650,19.981818972198603,49.23252595386239
349200660,20.68859999337821,49.62713961945168
349210670,21.769174394342745,49.70673791534469
349220695,22.771879145488924,49.80410472915614
349220690,22.34169785910524,49.46647133242076
350200570,20.6922103178818,50.81047826748975
350190566,19.794883753539413,50.07770664009791
350220580,22.04210518255407,50.11069995355438
350210585,21.715921652858643,50.696627782344855
350200575,20.983940465541753,50.02985837260959
249190030,19.894855253678475,49.97246898542186
249190090,19.388648557108095,49.86710400399028
249190130,19.195986750609226,49.78933885931193
249190140,19.44674063237663,49.79550624673231
249190190,19.688050542407304,49.72573813941725
249190320,19.992185907620573,49.653397238536996
249190350,19.518660666023926,49.611759406937615
249190370,19.96250000001236,49.61361111109415
249190390,19.51635727667461,49.58758447297721
249190520,19.968592910843455,49.54415546413447
249199986,19.91499246774734,49.53867920539789
249190560,19.6958651155454,49.472125178592556
249190630,19.825095823163647,49.3274152708022
249190780,19.929801416354053,49.30557936905505
249190670,19.788573925452006,49.23684310001849
249190680,19.85939917998507,49.2292672087494
249200020,20.49531501691202,49.96515310031785
249200070,20.070593619403013,49.877599075699194
249200110,20.2245633569397,49.7708593504783
249200130,20.89641076764522,49.78629721132608
249209987,20.66656674189885,49.7099526873456
249200180,20.41831075163344,49.69367917021722
249209986,20.0643283142196,49.664943261615555
249200240,20.886566184575464,49.60021823308011
249200260,20.439575500685258,49.559598849210275
249200270,20.118158910865244,49.54463015142403
249200320,20.123710549910026,49.47404190945131
249200330,20.211808671949967,49.49516856303573
249200360,20.281782201135577,49.45526222574377
249200370,20.431663602639652,49.445533374998895
249209978,20.331333176893356,49.43833209841577
249200410,20.705000000021744,49.43388889109112
249200420,20.315709059963062,49.41788794954171
249200470,20.96077193647322,49.407769838477435
249200480,20.098235988659894,49.3375578900348
249200490,20.886255482534498,49.349684143239536
249200510,20.034722220013123,49.33083333109327
249200540,20.00580032794154,49.24397411671857
249200550,20.047652389897078,49.213685674125635
249200920,20.723083800992047,49.425068275300056
249210040,21.816264023548527,49.877894713082085
249210070,21.295658759777417,49.73528842817737
249210140,21.68068871533945,49.56686274304044
249210150,21.788213482689297,49.5672985219018
249210230,21.172454258710943,49.438094514988094
249210240,21.68460032721045,49.43103016182789
249229996,22.811325396260575,49.899974545442014
249220040,22.23499925459738,49.83515636570078
249220060,22.480991582844652,49.68710361583149
249220080,22.18529877891638,49.58459485595072
249229993,22.621153696440814,49.44324853346737
249220150,22.46835052441087,49.39993051413266
249220170,22.283507622221173,49.35375461773559
249220180,22.06342269908134,49.339211923856496
249220210,22.42695953111144,49.297302578177415
249229989,22.27283241478661,49.20837957199251
249220280,22.683154377453715,49.19170503228103
249220320,22.55169642102927,49.157813870527825
249220330,22.791382973106263,49.124753892746845
249220340,22.68592767427077,49.06404209702816
250200230,20.786913261566703,50.277692391450564
250219994,21.65000000003401,50.51666667106237
250210180,21.444279438347685,50.34800557654037
250230160,23.118164962442894,50.2335881757037
250200280,20.256374189547838,50.09368040112511
250220120,22.306649415108488,50.56857826840134
250200340,20.275424426643017,50.65305223601447
250190390,19.95848038546475,50.06379710618762
250190470,19.890392009965193,50.06399668792747
250229995,22.423528350929168,50.25066520066794
250200210,20.032869912512243,50.36273649747264
250230120,23.108888889939593,50.26166667063603
250200220,20.420594667571436,50.318551123234826
250200120,20.266175535135407,50.6289828139796
250210130,21.1849736686655,50.59491416168804
250220140,22.75665309341243,50.35664113096955
250190450,19.984788629391364,50.11813019105547
250200310,20.052503215941787,49.987789326109564
250210240,21.493188289693112,50.063735501851006
249200930,20.035373391082956,49.330270408232025
249220350,22.585708406576103,49.122002427470164
250200380,20.958887665089343,50.84934618489855
249190660,19.869351609447563,49.27750770597282
249190610,19.88363176271396,49.39167251813332
249200950,20.025694220513255,49.43384402633728
249200440,20.895392457805244,49.417873333046415
249200940,20.948536602092155,49.61994918853823
249210340,21.484063500470768,49.51642822783997
250200370,20.03371266837881,50.79369271006043
250220220,22.702445529705823,50.02109512576075
249190810,19.685138784294946,49.86990428155056
249190910,19.540795215222374,49.54454021308686
249190880,19.511225128863153,49.87728119125981
250200360,20.991129374593044,50.18601555410549
249190920,19.54529458823196,49.537728317795626
249201010,20.033954908596186,49.97265663739209
249200980,20.05443965763902,49.66361446282731
249200990,20.590503761464497,49.73622109964133
250230170,23.342886900147015,50.32961256459012
249200560,20.07165275737619,49.201139809630696
250209983,20.83477039009937,50.54530167800909
249209976,20.96560350656322,49.50104583959704
250229990,22.706477280948313,50.54403379208245
249209999,20.400465853108855,49.97712643685602
250219978,21.263025109119834,50.65077305249534
250239989,23.1363582420652,50.25158300767433
249209972,20.2094961264404,49.465739668009185
249219990,21.604919248229756,49.83634175973722
250219982,21.384734025168342,50.417292622384586
250209975,20.900117323392426,50.666557640806786
249229987,22.07663573615107,49.670113022773855
249209973,20.259112501836476,49.97602684982991
249199979,19.93206955768046,49.306966654667676
249180020,18.70550899669055,49.99192318977769
249180030,18.31943289006486,49.927858321614366
249180040,18.822111263701952,49.94178132053747
249180050,18.980360127289,49.940861919478
249180060,18.49932583495465,49.92013966065596
249180070,18.98571097187938,49.85537085856102
249180080,18.765208884298904,49.84403482379593
249180110,18.608353793667384,49.83529072880654
249180120,18.794083655510757,49.798165980661686
249180140,18.86596590196141,49.77514971106544
249180150,18.973360655811245,49.77368913116147
249180170,18.94248998241655,49.746944643473554
249180180,18.85241370495529,49.71979000431087
249180190,18.904963978888407,49.71808447759953
249180210,18.99460432352701,49.7030478417529
249180220,18.81972198234136,49.683397604993246
249180240,18.96752355536773,49.6446419519507
249180250,18.877355226082997,49.62821826465177
249180270,18.862165377757307,49.5807072446885
249180530,18.937659136366104,49.58470548133596
249180290,18.891885996018267,49.5697020260674
249190010,19.125744515664387,49.97352286988676
249190120,19.11906254333537,49.79481042113619
249190180,19.25471496518568,49.74038675511307
249190210,19.160289552345056,49.72403247945868
249199991,19.31794871318554,49.71340184754484
249190220,19.3529226772101,49.71756026365225
249190290,19.076570573381847,49.66597879148883
249190310,19.305809537982906,49.660709237585124
249199989,19.383333330004934,49.66666667109448
249190340,19.404550637055486,49.65578177738692
249190380,19.064575678017373,49.56990486000282
249190410,19.079309699161637,49.559201629176144
249190420,19.187281241547314,49.561872030838245
249190430,19.299391094505868,49.58172624422836
249190440,19.348330381178467,49.568711104367885
249190530,19.318367174717043,49.54116795669936
249199985,18.993819480801797,49.52497503177826
249190540,19.105175378890344,49.50611383793226
249190570,19.154195776223457,49.45473192398306
249190580,19.008386691667926,49.426234043194924
249190750,19.148338646395466,49.43739911352604
251190180,19.405698108236027,51.02745795572312
251190170,18.999968350726924,51.066339934872985
250180460,18.335556285515732,50.12988570741049
250170410,17.976764317782337,50.153020017828126
250199992,19.468830233969747,50.2619806722055
250170430,17.79894435173672,50.05111513297596
250180180,18.811676897935783,50.58090131223844
250180250,18.998812210656496,50.471565279755715
250190370,19.41541164768749,50.14065235872423
250190040,19.573528974337233,50.888186516069744
250190320,19.33642390489996,50.21191756412253
250190270,19.08182118632104,50.32860560658031
250180140,18.80894673989615,50.69607621847962
250190350,19.20666571151998,50.179483838103224
250190260,19.603320381410693,50.361455745182155
250190130,19.002952277087374,50.682087575236366
250180020,18.579304005668497,50.91841039261943
250180530,18.01026245536058,50.08229831318018
250180040,18.92416056731166,50.89306961890413
250180550,18.919625005755563,50.06695115267372
250190060,19.36594411942771,50.7954350575492
250180320,18.14682799459041,50.345935442584086
250190170,19.370313668548746,50.54522684375779
250180190,18.623125373644186,50.569076210167665
250180430,18.638204268032617,50.210168214600706
250180350,18.89739912840454,50.3121701734978
250180330,18.615209263305214,50.342083891618444
250190220,19.384082471367357,50.430774046518344
250180080,18.7665110209341,50.777644211969594
250180260,18.65533002017196,50.44300247466624
250190310,19.262873451146973,50.258713705698796
250180410,18.76173551865995,50.25603818218199
250190420,19.361388890004733,50.05694444109545
250180440,18.12985900876396,50.15597455054939
250190330,19.04521730395305,50.20207445652548
250190020,19.310856467801003,50.917487044897584
250180070,18.66402164636487,50.819951476371806
250180480,18.75976642279806,50.136541621269465
250170380,17.674122981719893,50.18068853478145
250190510,19.24509835341628,50.48454148158254
250180310,18.79821394099325,50.35544188222198
250180510,18.53247212182093,50.10291798913279
250190230,19.587388315661507,50.42248073172018
250180540,18.426961342189557,50.06040913909798
250180470,18.669889768282758,50.13573161754167
250180370,18.341292306155303,50.30382875836393
250170360,17.772222219983764,50.270000001095426
250180290,18.535996853886893,50.36946659153803
250180240,18.513271781562867,50.459552774824495
250170440,17.866946754262006,50.00979727033823
250180420,18.467228717927657,50.25623973442526
250180490,18.982936161168137,50.14772590844602
250180280,18.353198136168807,50.38727421361683
250180360,18.036450304556194,50.29884058168706
250170420,17.8859654471634,50.116892529243046
250190240,19.75121508946416,50.3841855752133
250180170,18.4804957762948,50.60785500007697
250180210,18.969351763298,50.54903887237598
250190090,19.429810012616343,50.70560620294794
250180450,18.44055448394899,50.14568791324335
250190140,19.380397686524137,50.639878430358316
250180560,18.686750974012817,50.05233868049913
249180130,18.648411941349252,49.75412112146834
249180260,18.9010845047776,49.60370329628765
349190600,19.002337916473117,49.80670759100027
350190550,19.09154253455674,50.811836990695156
350190560,19.032741239027295,50.24056754297621
350180540,18.190852497688418,50.06104685207246
249180010,18.919234052854673,49.99561215958199
249180160,18.870760940823914,49.75348484177462
249180230,18.861282047935845,49.65478076332102
249199992,19.23523702714631,49.707938222741085
249190330,19.160000000002054,49.650277781094445
249190480,19.01605260561551,49.544819833163544
250190380,19.094647275300854,50.08419119389759
250170390,17.794833584980566,50.1818635833511
250180120,18.677499999995646,50.7163888910968
250190160,19.235232218211642,50.60095056613672
250190290,19.603723650384396,50.27688179092225
250180520,18.55837738530872,50.09446210576876
250180380,18.169690161850454,50.262765853730755
250180270,18.942402555596,50.42879418423057
250190250,19.27833333000369,50.36583333109613
249190770,19.107180436248793,49.793981922411376
249180390,18.903137025298953,49.70982600386205
249180410,18.89217015624378,49.56887454244542
250190180,19.251063807280165,50.48324746353568
250180590,18.483056351953266,50.15455609277602
250190520,19.00099101893325,50.132059786611684
249190890,19.15548263547084,49.64849618355101
249190870,19.374320005898827,49.715822476107114
250190530,19.076171138243378,50.472817663553386
249190820,19.414006348118065,49.67231047814273
249190850,19.007977071171883,49.42583339757801
249190860,19.145406421699047,49.45663720408556
250190540,19.326875401050494,50.58758324311824
250190550,19.262613194173117,50.383625672833176
250180580,18.80790478696552,50.69520576528979
250180610,18.774191356481193,50.38126825266122
249190840,19.114987410497807,49.5079587385993
250189987,18.159906010502464,50.01190466317688
250189981,18.637379817463835,50.01035942797239
250189975,18.915765251641012,50.3548669652193
250199995,19.515549650916444,50.367469015622866
250199986,19.186273845220864,50.95277995683317
250189991,18.728758747164086,50.348180426633526
250189986,18.63398055952854,50.29919274493664
249189986,18.74519387314639,49.73477584528836
252140140,14.761884942675723,52.05911535379198
252150240,15.307658443732164,52.03332003502872
252140150,14.919100669179747,52.069458337213135
251150320,15.119504129970723,51.036047315214134
251170270,17.544589214623585,51.11883076341913
251150010,15.082503779455271,51.95716608686663
251140030,14.685597234199745,51.71837399114201
251160230,16.72617365772099,51.262147751509374
251170170,17.148422591208544,51.414255435535516
251150120,15.90201869561624,51.5454712002024
251160270,16.422329887710614,51.09008859588743
251170190,17.496912495303004,51.33951905052396
251150150,15.908848465739883,51.43008522973001
251150190,15.921011395863138,51.27264216777248
251160170,16.61298157831363,51.44842525739583
251160070,16.976367085670773,51.742471254889786
251150090,15.87430831793504,51.6228866700779
251160080,16.095296428742557,51.6692532427302
251160090,16.5493258694698,51.66492506707262
251150340,15.4322241751509,51.02874040907502
251140010,14.710469919218827,51.970307432827425
251150230,15.706822395957477,51.211029678875555
251160290,16.18923414315359,51.04858980772687
251140020,14.916649821080926,51.92801108567181
251160310,16.748228856603856,51.03307768979009
251150140,15.186247216707889,51.41364017706043
251170050,17.43395114573585,51.82044761960155
251170110,17.432552283374395,51.7033166869685
251160050,16.84660663749366,51.87133803763698
251150330,15.26387049167138,51.0375297001121
251170240,17.04683204946716,51.23231175471767
251160190,16.216978771197557,51.40474347017331
251150350,15.512173595764702,51.01009275735305
251140040,14.756230093667737,51.53965523660864
251150130,15.36809965086627,51.489575152521944
251170230,17.283455392351687,51.29866179767507
251160240,16.483644936954448,51.22285523908606
251170180,17.657095568178004,51.401628082624846
251170140,17.277209976426587,51.5110106264699
251150050,15.725908737458198,51.773718291093736
251150220,15.395185142582548,51.19556355137667
251150030,15.258539456583316,51.7960457388613
251160220,16.918175024887407,51.29657901712109
251170130,17.6654311402066,51.57752186588127
251160110,16.46424818289369,51.631834502076075
251170160,17.92433404315458,51.42823902370169
251150210,15.0441026172215,51.256372412402094
251150310,15.597921775581964,51.061257679827804
251150160,15.415143509501886,51.36162973128658
251180230,18.155437842766307,51.05618673002682
251160140,16.257489306393104,51.508160846560244
251170260,17.850321653132127,51.14378532913781
251150260,15.190516529591852,51.10583409529253
251170070,17.39882528628734,51.80347052490561
251140060,14.975101062801835,51.388237111348154
251170250,17.450256293867696,51.2334896466202
251160280,16.00894380970649,51.07117804483125
251140050,14.99207109164991,51.51908849292883
251160210,16.818800963738934,51.38479888475913
251150070,15.537909517301,51.70189131699313
251150290,15.065118071718299,51.07690394319589
251170220,17.71790921456154,51.30471074587595
251160180,16.419108980537626,51.41797971138041
251150370,15.278638118309624,51.00391502764196
251150360,15.902761753969841,51.01289013961927
251160250,16.309694067935528,51.153395332722674
251160060,16.615204082513497,51.75868251768823
251170210,17.066141965170377,51.32086204206197
251150280,15.750725333664224,51.09028995674788
251150170,15.215836783667836,51.28918514810237
251160120,16.71781340766563,51.62694824637146
251170310,17.922188121191866,51.0634443989201
251170280,17.04570064894866,51.116028379088924
251160260,16.88255676677821,51.146544070858326
251160130,16.947602661554146,51.55734843400019
251150240,15.86599869409894,51.1895262002538
251150390,15.340692570497175,51.01379236159815
251150270,15.931952740751331,51.12722197018211
251160160,16.903260400201958,51.472268404402236
250160410,16.74404105700351,50.50922891668197
250180010,18.31919736138398,50.96777810333164
250170350,17.006345789749986,50.277860349332485
250170020,17.765122486549014,50.98844873595965
250160190,16.18970211000478,50.74905659874912
250160050,16.462047469841174,50.894560915356365
250160030,16.098512291022192,50.92497183744998
250160070,16.990047349950302,50.88215699058086
250170050,17.47784467053183,50.86540733225241
250150260,15.95724090578495,50.712796592895806
250160550,16.646423946506953,50.29441182219933
250160290,16.070007056364638,50.67098809381886
250160430,16.486754146401246,50.45582221274343
250150010,15.79726111408131,50.97384158736485
250150130,15.977183899213802,50.86716399677982
250170170,17.31478148924554,50.592150277650255
250180050,18.086822154818552,50.873844533715435
250180110,18.43768561618206,50.726322486017246
250160040,16.249547525613576,50.912662445821056
250160340,16.417537874630586,50.61498642108279
250160260,16.65275145032732,50.719862675388484
250170290,17.084256632475945,50.41149220688812
250160380,16.420557577440935,50.530852616102194
250150070,15.401202960480221,50.93222237370368
250170310,17.87588761200655,50.36115973855142
250160110,16.109203713471636,50.83849445501681
250170190,17.134759727112833,50.54443636744911
250180130,18.267714000396207,50.70217061043316
250160020,16.573373451868655,50.96786508748861
250150180,15.612774869789956,50.81942449573443
250150040,15.533519492435854,50.95453683946196
250150230,15.889068583743862,50.728194129017695
250170340,17.43785695703342,50.2879955978248
250160220,16.34925453164604,50.718493198115674
250150110,15.962921699251785,50.90635326048395
250180160,18.27850699865726,50.60143739710225
250160620,16.884068614079258,50.22729937992305
250160390,16.89809192516187,50.542446654715306
250160150,16.037594066113744,50.76760544716937
250150120,15.550824803373722,50.88841716961216
250150190,15.824183416827083,50.80356567830621
250170270,17.95779349423954,50.4744453247962
250160180,16.065896816324088,50.749409248138065
250160450,16.221953110474313,50.4380124030843
250170070,17.881441174556176,50.81087889184274
250160470,16.293810422684217,50.40510957791646
250180230,18.152905713457,50.48510972638892
250160170,16.428659571063175,50.763993260263135
250170040,17.5733312528877,50.9009034980963
250160120,16.195865432872527,50.80319403569193
250160140,16.838983317608946,50.79104122367421
250160310,16.175698483201163,50.66236520577172
250160630,16.77296548973282,50.21832468608965
250160650,16.670750545354462,50.15325695189851
250160540,16.540744578428065,50.3015123605913
250160080,16.65259139566152,50.856192511147626
250150140,15.782774757329005,50.84997818083347
250160230,16.835777016125537,50.72128696149083
250160640,16.57109790194157,50.160331653999336
250160370,16.53467173396319,50.5420528789936
250160570,16.966652128584848,50.30386110450065
250170230,17.350219394486764,50.48561732039528
250170030,17.315773449240286,50.94067606969913
250160510,16.73451963345315,50.356265357014415
250160320,16.635946708391067,50.64412188689498
250170220,17.016667310788968,50.47012887839462
250150240,15.911257753735798,50.73975446092717
250160420,16.324577566373534,50.49473098365036
250150050,15.63995928635254,50.96264178830731
250160280,16.74362892541416,50.686016701304276
250150030,15.303900946499581,50.94356897683455
250160460,16.732959340760843,50.433126074132105
250170260,17.692979791131183,50.46336357995512
250160490,16.518437649987582,50.425296240870814
250150210,15.667343929454708,50.798992390544406
250170120,17.16622384263902,50.689232320255726
250180150,18.125249326820335,50.5999474958967
250150060,15.448999330517877,50.9517920646282
250170210,17.95091547148059,50.5202947752151
250160250,16.53664668076296,50.70662354467747
250140020,14.84189190341571,50.89506745012275
250170080,17.767523921740416,50.800179674150556
250160060,16.738045494057374,50.905496136774936
250160580,16.540046533072697,50.27936628652899
250160350,16.664811327344307,50.57725774337137
250150080,15.572392301897214,50.91618808552274
250160560,16.86609190718162,50.302493755440395
250160010,16.356306975746804,50.9618224915292
250180220,18.314303424651367,50.50174687660928
250170090,17.066226599111673,50.79226898163007
250180060,18.249976516707825,50.83928284991376
250170150,17.61250248033103,50.68103326048424
250170180,17.725821590531773,50.605892528975595
250180090,18.079205911822513,50.73823602892012
250160240,16.241673277334264,50.71274411786743
250160270,16.439140747478632,50.70268230305147
250160160,16.323689726117326,50.77068233456826
250160210,16.284173770841033,50.73893923197115
250170060,17.203743639407428,50.80870040320947
250170130,17.0453631311848,50.6842863489181
250150020,15.916409789988682,50.961324034971476
250140010,14.993004574974846,50.967362540028915
250160530,16.39407496844275,50.32986816995885
250170280,17.795284993231878,50.442413847598836
250170160,17.048962164011158,50.61227171524449
250160440,16.88139961225967,50.45347606072398
250170010,17.052796359986523,50.97833956509699
250170240,17.59611435859177,50.4810463106664
250150150,15.529261082090063,50.834490398691976
351160415,16.207662199356722,51.19251811437036
351160418,16.5347266579463,51.83554950818836
351160424,16.89989337273756,51.103192555302854
351150405,15.026237879756408,51.135683034431345
351150400,15.5246564548387,51.92992702064219
350150500,15.788813024451823,50.900252707360096
350160520,16.61422538689348,50.436891255053176
350170530,17.96889642714419,50.62698659250021
350150510,15.739709164047374,50.73636921889024
251150080,15.111306633616596,51.65264924130033
251170150,17.463109826755588,51.465428489118274
251170320,17.353740180419198,51.04396953469476
251170290,17.716705078683045,51.066480359029406
251160150,16.05598438031512,51.50044109794274
251170090,17.180887224160003,51.69719985910859
251150180,15.677404994989406,51.27630880615073
250140030,14.980647761640249,50.89968935537983
250160610,16.89072839831215,50.25469511806098
250160590,16.633221953808842,50.24978483284128
250170110,17.01718287886886,50.75863960956036
250170330,17.387141815087464,50.30227407834609
250170140,17.38825329296819,50.67650410341929
250150170,15.4418990986439,50.82310001853602
250150220,15.769428613243665,50.77894619545619
250160520,16.884939068684627,50.34537963943698
250170250,17.166500737434532,50.47220792373321
250150250,15.9480467420129,50.726773837423366
250160090,16.54294316310464,50.85373586601078
250160480,16.37945691833954,50.40986844817047
250180030,18.36374192249826,50.904572716064436
250160130,16.24123052419606,50.80667010011928
250150090,15.358532635027249,50.89828079159441
250160360,16.79272603379878,50.57533215469561
250170550,17.928502488155388,50.53943211393295
250170530,17.602346496673952,50.30894536192071
250170540,17.761597619235687,50.31125573734923
250150340,15.692846329590761,50.78903806070019
250150350,15.68744577158259,50.825590611633245
250160730,16.419550344835738,50.62516265118588
251150110,15.29349259896103,51.64965791743473
250160840,16.552525566213276,50.43053318702915
251160340,16.881581862056965,51.113540203373496
250150510,15.38350468957188,50.98702114395076
251169992,16.749804070236713,51.70028186172099
251159984,15.363483116491134,51.914496972094206
251159989,15.835878927986345,51.72708165310693
251169993,16.44931495459229,51.546378957600865
250189972,18.081984528873065,50.66621572096045
250159998,15.697600151872715,50.870678613465905
251179995,17.762715027207104,51.505467855690426
251179991,17.460813686402684,51.79800773181786
251159998,15.624074183442032,51.65164181120111
250169990,16.373336509245924,50.686519192948985
250169999,16.83584414621036,50.98711702918681
251159985,15.291685364711446,51.66252924549628
250169987,16.1391429248781,50.750113018755
253209990,20.24990839673762,53.0162274594422
253200190,20.18527778001781,53.238333331097685
253200220,20.62910526185677,53.058937462903
253199994,19.86491447208381,53.151428355926384
253190280,19.625267596076963,53.015669816475516
253200150,20.160114685862748,53.36087838545379
253190270,19.901762210978525,53.06213291838656
252190080,19.240264092537906,52.49219529584779
252199990,19.900000000013367,52.96666667109812
252230140,23.035274419448285,52.65113711555545
252200080,20.660147138693432,52.56191511982724
252220050,22.826468718868092,52.7418738649647
252200190,20.70972222002448,52.13972222109548
252189987,18.90427927054679,52.59983698307844
252210230,21.389203226651478,52.047884142230814
252190110,19.03191539076565,52.40288683847869
252220060,22.494482590948465,52.677205755136676
252209986,20.618770880519353,52.8891343803012
252200070,20.635212411964506,52.5834382717996
252219991,21.443575399290268,52.047931891477006
252220040,22.33777778002775,52.79750000096381
252210190,21.440506325846727,52.1982928868436
252220190,22.171737997551993,52.038134231863815
252190070,19.482096461290634,52.58274861000268
252229991,22.91666666996351,52.56666667074946
252200140,20.350980450227766,52.31109753026354
252199991,19.733114974069654,52.400907931105
252200040,20.68961242142243,52.78815944492391
252190090,19.459724157679496,52.42527785418729
252200090,20.199454591609534,52.43766327360803
252220070,22.731389316533935,52.58083342519481
252200130,20.028121701469555,52.34152978934244
252180160,18.760975688581823,52.42633359216871
252220140,22.001394175970347,52.37528889345342
252200180,20.35005180904466,52.17171605121428
252230150,23.33502207114354,52.55837770351611
252219989,21.14921401634321,52.39463585536978
252229994,22.29186009846452,52.29835873705136
252229992,22.83687833732602,52.49434968046284
252189989,18.921013296847637,52.74245180533519
252220080,22.365602859109153,52.55860049842808
252190150,19.962252421894586,52.11257840195388
252209990,20.60666250851825,52.29216412379203
252220170,22.88058221911373,52.12222573521353
252219996,21.447093507997863,52.39845375428588
252209994,20.30101324062641,52.082977095763326
252190060,19.936105830543404,52.621324688796584
252190050,19.554642016865085,52.76491839986336
252220160,22.509990495101114,52.212453774628
252210090,21.388617529126655,52.509984667091835
252229993,22.700000000000028,52.26666667084973
252209992,20.204587434989968,52.15155949618317
252209987,20.629811836591987,52.65630675403223
252230160,23.085229432075867,52.46639425168836
252199993,18.992326468948033,52.527775533953474
252229995,22.666878374571084,52.147398424972224
252230180,23.3918249567341,52.12737585812131
252190140,19.07381772496789,52.17679122222781
252210260,21.08709678202586,52.03149363851618
252219999,21.90116725013493,52.79688925436006
252220150,22.8283338770243,52.30528592100153
252200210,20.770234413138247,52.18269994862053
252200010,20.65896786286354,52.92047055802862
252200030,20.123724016017064,52.779714621472365
252210060,21.850243248863784,52.6344081622605
252219988,21.071603551448735,52.51712767317008
252210250,21.912685090912547,52.01371189620119
252210220,21.62609521700171,52.09243396239515
252190020,19.68446491575387,52.850518510820926
252210180,21.906854601630066,52.22185287987682
252190010,19.353359693188196,52.86152787607402
252200170,20.254166670018044,52.225277781097724
252210130,21.71861111003645,52.34250000105845
252210140,21.542089269513838,52.2896040520237
252210110,21.734438140699705,52.510828298993964
252180120,18.91367511229409,52.61670028553025
252200020,20.289406320628686,52.891310178040065
252199998,19.407047762556406,52.316737775730026
252219990,21.307254443598435,52.24894209370229
252219998,21.586922631395595,52.69138250318877
252210210,21.237352754446487,52.11573803418922
252220120,22.565495198200356,52.41192007698053
252190160,19.665582580648532,52.10281874211381
252190130,19.396388890005696,52.17888889109826
252200220,20.958192390598107,52.35281294625476
252210270,21.048762493311653,52.215537095617805
252219994,21.069675812201815,52.141098520723375
252210150,21.132777780030466,52.25944444108863
252219984,21.127112796502033,52.19212044824239
252239997,23.28786194842296,52.186109270101205
252210240,21.72375799902018,52.03741804628537
252200050,20.936111612015118,52.64299086936591
252199992,19.12459793690094,52.65290037413617
252210120,21.23949491060007,52.35949041472115
252220180,22.51835302495583,52.068910483589406
252209988,20.33432029865569,52.56121595045276
252220110,22.107354378489074,52.48974194654318
252210080,21.453065963320135,52.58945487684097
252230170,23.04236865179056,52.311803707531254
252200110,20.610325081865426,52.43168268434116
252200160,20.8197226879458,52.25130559177482
252190040,19.920847797124367,52.82591869157095
252220130,22.252228184886885,52.38478811035262
252220090,22.927951149323196,52.52377599171144
252190120,19.622946586325774,52.24278995838939
251210090,21.199820669175644,51.525000617438316
251209995,20.46765846732124,51.79626317196604
251200080,20.950836119737133,51.65729192039183
251210050,20.995593588199352,51.806925639195576
251190010,19.641138935656468,51.92217121353379
251210240,21.19688579855031,51.01855860318454
251239993,23.281735623541966,51.48398709951078
251219990,21.354318640297983,51.600734591586175
251209996,20.846064499426475,51.549443190178344
251230140,23.502163474478262,51.14268002335735
251200170,20.148672883561566,51.21574601863027
251220170,22.131514843152022,51.11257280692056
251210150,21.59079771576296,51.25531903667664
251220060,22.619124037446497,51.67302063134584
251220140,22.25455191766072,51.30345872276805
251200060,20.68694444002374,51.73166667109543
251200270,20.737108875527436,51.780263451393566
251210080,21.823309714037027,51.566589397584984
251200040,20.30644470054642,51.89586817195496
251230150,23.788945816915536,51.17003304459097
251200020,20.813457005312483,51.976362603449665
251239998,23.88333332942132,51.04999999980266
251209991,20.10964684834224,51.131638932514676
251210170,21.007857782871795,51.13529204627112
251219991,21.617573411004237,51.4878476361656
251230090,23.100058806510148,51.352738986224935
251209987,20.07885208231234,51.78446923091253
251210010,21.20755411823288,51.985560763475455
251210210,21.385171173249883,51.10192995433388
251230080,23.40076298691519,51.40640904786875
251239995,23.25260406965516,51.0849292129085
251210160,21.235195804641275,51.18162029437273
251229994,22.11581417100719,51.93770023257309
251190040,19.967924457379436,51.81410373120723
251230130,23.114780921061104,51.137482352475594
251220190,22.24926419604858,51.06143868150785
251229995,22.449230006479514,51.63528435744672
251230010,23.60851674948409,51.92232794701491
251230170,23.107743263979913,51.012451209709006
251200180,20.417924005158326,51.18491486967917
251209986,20.898794310511313,51.896497171258694
251210070,21.75894832750416,51.673053552381184
251220120,22.46897254090904,51.358333232020755
251190080,19.582667140991212,51.58035091174973
251210250,21.374272383216443,51.01190033113764
251220210,22.64109860568836,51.49808550005013
251199985,19.78889868858453,51.28366485312705
251209988,20.043184794769903,51.61620386635662
251190020,19.362241122953524,51.89236977059013
251220150,22.893097137277792,51.30535945741888
251210060,21.324166670032177,51.71083333108212
251209997,20.147517854245905,51.45916153792945
251230020,23.18055555989731,51.90388889058355
251199983,19.568086035822194,51.76947242594804
251229991,22.18222070915063,51.24406702018025
251220020,22.360163082255873,51.91756290760276
251199986,19.91492154259269,51.98609571479089
251210260,21.901530051900096,51.00169173004053
251220080,22.30118933715405,51.52321958196664
251220010,22.769722219992005,51.9905555608204
251230050,23.287517037383413,51.64637830049091
251199988,19.71292574313875,51.50095092897794
251200190,20.71649638810314,51.14490583088579
251200010,20.536387075877276,51.97320402479524
251220110,22.742336702035026,51.449311566172334
251200110,20.558009657950716,51.51647213838703
251200130,20.234506966157596,51.378818562638365
251210190,21.945555560035476,51.14583333103356
251210220,21.55774354820975,51.078607099596034
251199987,19.315714944832983,51.96170538104204
251209990,20.364314273088006,51.29620751988183
251220160,22.84832843290581,51.13501115716853
251230070,23.171944439905506,51.49694444059009
251200260,20.100529607915846,51.032808936206095
251210110,21.437433874169805,51.47157830790014
251190120,19.64772555883051,51.40312483889945
251190140,19.601937738643187,51.203502819784774
251190160,19.87486854192033,51.09070693798839
251220030,22.899796510317877,51.841693076735886
251209989,20.63465120335352,51.36310201647388
251220180,22.5014086548767,51.11281688041283
251209992,20.26244966462624,51.07063942414433
251220040,22.600785780971837,51.76925905715791
251190060,19.782094359879864,51.66905475080088
251230110,23.586000170185436,51.25768873678876
251209994,20.68210516453066,51.27719896540025
251200140,20.665930258615624,51.339046976764045
251199992,19.698508377784588,51.092571476468024
251200160,20.733547106201243,51.27972196379039
251200050,20.516093176247118,51.727085855523484
251239994,23.431833737211686,51.266271087112315
251210140,21.268100389167028,51.307531745181656
251200210,20.86916667002562,51.14055556109288
251199994,19.939672717623512,51.198783076347084
251220130,22.018033413321632,51.316225202432115
251230040,23.54038909997163,51.753889344277255
251200120,20.886494084310474,51.45700156028851
251210180,21.752304490047884,51.13165045048142
251200090,20.134684232621257,51.53395093890552
251200240,20.37142140127946,51.04202260316252
251210230,21.055888100262518,51.04174588356174
251200250,20.830642779203764,51.04983940216118
251219995,21.716937343794534,51.00011272951001
251239996,23.419620371973917,51.884805789014976
251230060,23.068203962024675,51.57131787766016
251210020,21.671835584334378,51.911583455540615
251200230,20.998716358407393,51.07327654551113
251219992,21.083333330028598,51.25000000108913
251219993,21.516005903837645,51.158366521014386
251190030,19.52571043568725,51.825046257052776
251210030,21.377222220032966,51.85222222108
251230030,23.204070720174162,51.788688709239814
251200220,20.612227692526183,51.098911944575384
251229992,22.449251749264107,51.78031994742239
251220050,22.1480290373955,51.73784337962767
251200070,20.184239922805876,51.678591698276556
251230160,23.400787676414996,51.07932804744757
251209985,20.181996799750337,51.85178635779189
251210130,21.564175289641902,51.358696015382726
251199989,19.86670758531622,51.46580962096955
251230180,23.67281579521087,51.01904782866549
250210030,21.834245164226278,50.88937349578452
250229988,22.49824452542965,50.831981274162445
250239995,23.433090149789372,50.38352123458242
250210060,21.41757130365607,50.83785443020824
250190150,19.793642567438912,50.621029698776724
250190050,19.912803317578263,50.81509309865134
250239991,23.005449265305263,50.95171934135444
250239997,23.88810674941844,50.801978975554256
250190010,19.96120906320453,50.94203239676427
250229982,22.95913984211314,50.90497616640101
250190190,19.934570958350402,50.46119828218808
250190070,19.691123389422142,50.783332966237936
250209981,20.112204895141254,50.89440171554123
250229987,22.268229207666533,50.93358716580723
250239987,23.386135936964553,50.583906359052676
250190110,19.63119454127493,50.682733951551306
250239993,23.289350599582715,50.536834891841785
250239983,23.972178292739407,50.94724012466603
250210020,21.21910163540718,50.91908922094058
250210040,21.083429166965416,50.86413196873331
250199997,19.75233936922579,50.56701158555175
250210010,21.429436558622225,50.928904803723285
250220010,22.84368271791412,50.988688255196124
250190210,19.646764668653933,50.45967470959024
250239988,23.73920327259593,50.53317739208366
250230050,23.941993814679346,50.55302725856763
250230040,23.61864508591523,50.617522467737864
250200020,20.942783851758854,50.983720088528514
250230010,23.367499999838603,50.852777780432056
250229983,22.98727022992412,50.70110345132645
250239984,23.972440678452905,50.6858138156797
250230080,23.786955413704675,50.421461958195636
250190080,19.685709469776675,50.73747947814181
250220040,22.738879582630197,50.82349473652428
250239992,23.56313911957245,50.91776940699339
250239998,23.096809826148377,50.802975482308945
250200070,20.093975210685517,50.83125534100119
250220060,22.09093279108459,50.75825506275592
250220050,22.861513658241122,50.75735585108038
250220020,22.379885445089126,50.94803507136143
250239986,23.16614866784022,50.650494825028396
250220110,22.968139787928184,50.61192251741731
353200270,20.361099328797533,53.10416918514037
352190360,19.725765102470294,52.58842634220708
352220385,22.244774535263307,52.18097874602391
352230399,23.6219831401429,52.07866005339015
352200375,20.961091045137096,52.16284951041486
351210488,21.543621491357847,51.56478485572371
351220495,22.393112719245323,51.21674542003012
351190465,19.387177684075546,51.71833378650909
351190469,19.866429134765582,51.353336443560316
351230497,23.529517309486742,51.553467590747935
350230595,23.205663993811186,50.6983027138013
252209995,20.709791353046878,52.139772807410125
252230190,23.109519013827953,52.076998981461216
252200120,20.95619162647705,52.40791326424697
252200060,20.382525322478763,52.63462736719995
252220030,22.54613411137756,52.8493890023567
252200150,20.963387360391213,52.28150171811261
252200230,20.99911103607277,52.21939817277982
252210160,21.028611110029015,52.21777778109104
252210170,21.028606345548116,52.217771384810824
251230120,23.263606771358067,51.17713426986552
251210040,21.97326079116155,51.814612177450144
251200150,20.92592963292707,51.32377342277934
251210120,21.96614402001308,51.412918931853504
251200030,20.160231092421427,51.96536988364676
251220070,22.152777780033578,51.61138889100212
250200040,20.951505286787725,50.94709331464032
250230020,23.0384866532421,50.80491463888666
250190030,19.75885677190525,50.9218543621111
250210050,21.051449218885264,50.85947219278232
250230070,23.39900580181861,50.457948726612145
250220030,22.66681352995812,50.91769379979996
252200240,20.905845588999625,52.26685604384614
250240010,24.035602820079696,50.840079498228704
251210270,21.357093932588135,51.692135518651135
251200290,20.182708774830527,51.5280721138251
251210280,21.35696174839005,51.861116596390694
250230150,23.255289813773636,50.70694798995351
252190180,19.62110413443674,52.99236808927412
253190330,19.86821031409276,53.070177487162525
251190230,19.692023085369268,51.462503633829606
251210310,21.45098462595993,51.43153480740369
252200250,20.548208642902235,52.24472606848772
252210280,21.087014854955058,52.031372736639526
251220220,22.150753374403287,51.60579052906476
352200362,20.65364919838092,52.44886118484891
251220090,22.60114052145045,51.466392388776335
251210290,21.44415969521081,51.01716523135469
252200260,20.585638521799357,52.25637383402565
252200270,20.56720355474309,52.790780376863815
250209976,20.033490347975697,50.857155065937185
252239995,23.091176278191732,52.034477539608865
250219999,21.411450129436272,50.83852866249519
251229997,22.25472394703256,51.303608682236806
251229996,22.633750268277442,51.2298442222388
251199982,19.595141224365968,51.21676287837691
253159992,15.215938825069399,52.998848402242885
253179993,17.133333329972203,53.100000001093676
253140080,14.650294059384079,53.308003813099454
253179987,17.27490419419084,53.46853196242009
253150180,15.406295141122666,53.169186661953844
253169995,16.22795014953339,53.56279382478502
253160170,16.11596121119985,53.084720410929464
253170080,17.383069211388392,53.67555173892628
253150120,15.033235259978992,53.47527937322324
253159991,15.204941835765222,53.184812294265704
253150170,15.769862787599909,53.213137971401245
253150110,15.824422338495381,53.533205351238706
253140070,14.824130266668702,53.57391319616113
253160160,16.427077858478146,53.18862657785269
253150140,15.540905837920135,53.4349665008728
253160110,16.81413667417433,53.425722606651185
253150230,15.940089646628579,53.041402257170674
253160120,16.394250464929836,53.36321910977961
253160060,16.187121630411927,53.649472768762614
253169987,16.577815133500334,53.130139419046046
253160140,16.97412494073975,53.297343075293
253150220,15.484138574234182,53.081836925554946
253140130,14.756328072310541,53.1863882110008
253150130,15.301373708550036,53.43082886154952
253140150,14.898748309800338,53.07812705251149
253160130,16.088640687720254,53.33976992312692
253160080,16.836304813966976,53.52201079525985
253159998,15.966666669963322,53.63333333102191
253150210,15.297633716985795,53.08874276628256
253169998,16.921436121624016,53.77496939295808
253150150,15.92384927886753,53.38552037095566
253149994,14.882331104728031,53.1509533440166
253170110,17.094819093171626,53.54917758394592
253179992,17.694525616260417,53.07750357083037
253160070,16.49808004792755,53.63327204923556
253150160,15.316655755289547,53.2790314977318
253159994,15.55265519291646,53.29311527581583
253169994,16.61008853840391,53.46344175379652
253170160,17.330273826401925,53.364483504912684
253170230,17.11968694178893,53.033142025661796
253160180,16.47701748648279,53.04399996620385
253160150,16.148129229949625,53.19486930834298
253140120,14.88361471903803,53.20264531608565
253169993,16.46666666996358,53.28333333107185
253140140,14.39339827304461,53.11999552451974
253170180,17.561685417557623,53.27537654324412
253179995,17.481030715035605,53.24294137429316
253170070,17.03757389099446,53.69022439768776
253170220,17.246663775688923,53.1586309904069
253170190,17.076656545749234,53.18126024611401
253140090,14.86615822003423,53.29165660315749
252179999,17.93331400127352,52.865685187050715
252169989,16.31227098134663,52.82955204830559
252159994,15.416263714251738,52.51849940038618
252170050,17.127188024412963,52.81597052724277
252140120,14.948929355718521,52.32484568709569
252140070,14.567060685671684,52.72653001868169
252169988,16.064285835090907,52.38433337150547
252160220,16.888959125657312,52.1409240612065
252159996,15.092976148446724,52.154183739847014
252140010,14.437315777030209,52.96458390448094
252179988,17.827974849790056,52.21344868973569
252140130,14.816683173871537,52.18889417152024
252170140,17.48549635302436,52.424284374797914
252180250,18.827684704959687,52.08680648372702
252189992,18.901444497669456,52.176228991802276
252180190,18.604039197681214,52.29186392310917
252150020,15.748551218747592,52.96824285395657
252150070,15.843741806471098,52.85207983545643
252169994,16.20443671853761,52.98577017126847
252180130,18.02668300826753,52.600668881305175
252150030,15.01663703798263,52.937482094296065
252180090,18.438291782719602,52.64168161732605
252170020,17.299533456520564,52.94873696051241
252150080,15.703384747315713,52.76274764974259
252140060,14.322291687746342,52.766936980305545
252179983,17.562314947069257,52.902391697214306
252189993,18.05324004381727,52.03794021966418
252169991,16.364825406193145,52.2310430089374
252170130,17.06970865842841,52.43136121365527
252150210,15.278104756966515,52.18657513752761
252160140,16.528923964384518,52.43182990316017
252180180,18.115176213545702,52.35994056905307
252160190,16.21090223008984,52.20745517480646
252180040,18.19087433079038,52.85407264007095
252150230,15.857377374464201,52.071581241389964
252170280,17.424914425817757,52.076290277614405
252180210,18.915839328586838,52.250829851249996
252180220,18.301612327506977,52.243797936890886
252160210,16.554479462969766,52.14532259895606
252170160,17.20956297249994,52.40354501975301
252160240,16.64187121279419,52.10284621365133
252169993,16.485453336200717,52.10147332129469
252189991,18.433333329991825,52.266666671098264
252190170,19.101131722922023,52.00088758324673
252150090,15.012264853523794,52.58454442456781
252160010,16.518458546028604,52.948774372899024
252150130,15.708545260671578,52.547688753155015
252150140,15.242608510969035,52.513058207584066
252150160,15.717016520037149,52.33757784790539
252179984,17.925125702857105,52.95055656844798
252179992,17.845340472402178,52.11747780491375
252150040,15.191789348406836,52.884379341147245
252160030,16.17669719751614,52.807230896016456
252160150,16.34542365113105,52.37321383177032
252149996,14.494179648576862,52.793474859893536
252160040,16.51687799848265,52.81838993675525
252189990,18.769393069152912,52.34875614710082
252179986,17.948295950739446,52.65172186450138
252149997,14.395372862542798,52.86735530192413
252160180,16.83990016487683,52.235850303606995
252140020,14.856534748575738,52.912363737125794
252170170,17.145675468430678,52.319978107803145
252160090,16.311543473803326,52.606009690828294
252170260,17.587264937833236,52.14609297485647
252180020,18.08734618375048,52.96591351309354
252160080,16.82347288250092,52.65721913516936
252169990,16.40299891096302,52.301494062293436
252140030,14.136762860875681,52.84873090454945
252140110,14.880774080260643,52.450914423902645
252180060,18.09256182447283,52.799476093447964
252180140,18.308734863197255,52.49487387058861
252170220,17.98187730699822,52.227650157609894
252169998,16.250729180343647,52.514901983222046
252170120,17.19932911171017,52.47227017853925
252160020,16.974486193848286,52.9567075017968
252170150,17.912466469357568,52.41473520464343
252170080,17.019950706200458,52.58510683414048
252160060,16.98207429148908,52.7542015006516
252160050,16.83885773845338,52.815758434566575
252189988,18.317248551424395,52.55149048157586
252159993,15.396307832637572,52.73506597173905
252179991,17.155591939435716,52.66446940265249
252179987,17.356684987003792,52.54812721754838
252150280,15.507084637241453,52.60291455541271
252170030,17.598490174359846,52.84766809506199
252179985,17.716915439278665,52.91184637715522
252180070,18.450607292122303,52.750038504880635
252180170,18.49848324991012,52.39573061639912
252159991,15.846181319315951,52.70531147422104
252160170,16.696393509368566,52.27652658985222
252150060,15.521267957936493,52.87355703301
252180110,18.164353039895367,52.62873671484831
252150220,15.622261377589698,52.09921552108312
252170070,17.749357996823036,52.73248186419111
252170270,17.034106947439962,52.08166679829614
252160260,16.050460432899843,52.006095237624734
252170090,17.81813880234911,52.57276807907392
252169999,16.128850561513747,52.66948795121987
252150010,15.494099222343872,52.97462551093733
252180240,18.297085738041197,52.076082042060634
252180260,18.497519222366684,52.009519715708514
252160250,16.829537012730057,52.05707247109413
252180150,18.30172090464232,52.434552263560676
252140040,14.670826717539475,52.85167625531364
252140050,14.502254764970331,52.838065806587885
252170230,17.448552892530635,52.20474278203913
252140080,14.895240637755837,52.6682472006352
252180230,18.478125242199884,52.10371217737215
252169995,16.116069078275103,52.11664014383563
252160070,16.396001144476603,52.6971419379157
252170180,17.592478000342314,52.3150971426674
252159992,15.038345811540795,52.774632609676225
252170010,17.59946422544944,52.98965853094157
252170250,17.156769524516324,52.15216931810343
252150190,15.928339915442374,52.246047255461875
252160130,16.078113128893534,52.464684054144435
252160120,16.831981900326415,52.48368915336558
252150170,15.347933086335994,52.3137006672954
252170290,17.59314072969849,52.06121254908275
252170040,17.75041752515483,52.839840333836555
251190110,19.378860253317534,51.42379697358818
251189992,18.465525362496667,51.26367469368282
251160010,16.2976898274009,51.99163546663556
251150040,15.866195407216114,51.79711169197639
251189991,18.301274286556527,51.89968631942575
251170020,17.861794247908104,51.97949106707767
251180220,18.71186370283885,51.07700181370801
251180120,18.493616772457955,51.49540430196241
251160020,16.80833827576639,51.9568382121302
251180030,18.622295798282668,51.92794625299077
251190150,19.40819701603232,51.14759975048274
251170010,17.06045488475022,51.98940154143827
251199996,19.301399465628155,51.5326596106779
251180210,18.86772841296168,51.117463182676936
251180080,18.31589912059936,51.652919207711214
251180240,18.456890622216573,51.001057962344156
251180170,18.982575089163497,51.237887786570674
251189999,18.34364605431871,51.80144011704586
251180110,18.222443537906447,51.51436294838093
251180050,18.40989344008414,51.83515279240045
251159983,15.96595336849627,51.91668397669472
251150020,15.856248366694683,51.90283365913576
251190090,19.566937005216786,51.498997032228786
251190070,19.123464487094655,51.599030790541484
251180150,18.146270593772517,51.310243006047315
251180160,18.78370431482841,51.282985708679135
251170120,17.809845268185022,51.63677851939466
251189993,18.510451954117915,51.14664877996295
251179993,17.79281030318075,51.90836548587347
251180040,18.959850286721156,51.885558615100074
251160030,16.53931124664778,51.95276871672936
251169986,16.196887900435094,51.89343955420397
251180190,18.143801573249892,51.18163477521832
251180180,18.944102038567998,51.20511077785505
251170080,17.862559698846432,51.77884170856946
251169991,16.21705182057915,51.771317433823135
251160040,16.121509706312306,51.84736999879225
251199991,19.224845526336576,51.19496285093096
251180070,18.976410145209442,51.69606063466835
251190130,19.1191357536961,51.34075432496965
251170040,17.156297676745663,51.86524020952584
251169989,16.056580618790758,51.92986814261224
251170060,17.672376596429356,51.809666615016
251180010,18.789494650567676,51.97520316769305
251180060,18.62244908264489,51.709205966650366
251180130,18.944387442232706,51.438049058001134
251180020,18.150325640222825,51.94340078402302
251189995,18.932360853598734,51.598690587735675
251199984,19.217106072184336,51.46692763616207
251180140,18.59906849846411,51.42118092898404
251150060,15.997232639304476,51.71396295151641
353160230,16.747241552352506,53.13054695347088
353160215,16.746749972087677,53.71778031912348
352150300,15.277259270715426,52.741229519458294
352180345,18.660228836676378,52.19971513613846
352160330,16.83460455426959,52.41654743679521
352140310,14.619590240345772,52.34852049942281
351180435,18.080922090425965,51.781151325311924
351180455,18.556706451339178,51.210221729925394
253170210,17.583479444818114,53.161072939795716
253169989,16.749078185826036,53.03322069667214
253150190,15.082180683589595,53.10414725778025
253160090,16.104523031044284,53.45994548172517
252170110,17.531808671545487,52.55738795968306
252150120,15.894613205244596,52.568911854554784
252180080,18.148951918546466,52.73582651041599
252170210,17.10086454117986,52.24473789370061
252150050,15.983651177567683,52.881023178301405
252150180,15.545371757258566,52.24271625920446
252160160,16.181605060280873,52.30434779280574
252170190,17.883292382863633,52.27197649354939
252179993,17.220500545242107,52.220103833541685
252159999,15.104156948314397,52.446173151533614
252160110,16.63800520552302,52.58436520385641
252149999,14.594108593140346,52.96100717080836
252160230,16.356376890784244,52.113965625340995
251190050,19.067152886951934,51.78460247537371
251160320,16.037762955162805,51.87241669649006
251180090,18.687234082884583,51.59319661794531
251170030,17.553366734592508,51.9454957877269
253170260,17.994922858904125,53.0963079143973
252150270,15.803481273212071,52.14365344440072
252140160,14.588289975114108,52.96457926346743
252170060,17.46210405335743,52.75469110314665
251180330,18.87388284213337,51.12002355788964
251190220,19.411806144984,51.14880562753557
252170330,17.589251721486153,52.14225552109998
253150250,15.752958681100363,53.2089691393753
251180310,18.984925844762742,51.23721222484792
252140090,14.687853272299565,52.60021309626767
251180320,18.20479134563714,51.53031489028004
251190190,19.178665750978997,51.58551419590144
252150150,15.643568514359279,52.46195132920454
251170360,17.87320277540495,51.66071091060611
251160330,16.017357925063017,51.72452416458973
251190210,19.11915035535367,51.34077492778329
252180290,18.26848054905997,52.067846852853535
251199995,19.367915888657812,51.404905677528355
252179998,17.132996008359914,52.816518588955645
253159993,15.80118163413811,53.208563800396796
252189985,18.438536233292997,52.64168277585683
254180120,18.530220427526178,54.293196825790474
254170210,17.991647832573804,54.25364706412427
254190040,19.837626711137695,54.38388758056293
254160010,16.8815922293164,54.48481845953125
254170070,17.843201056978646,54.42219333728329
254150010,15.72476683686614,54.126477327135426
254180130,18.162386110266546,54.262008490299486
254160090,16.44577124484736,54.044993637464806
254170180,17.424155668316565,54.67734226843789
254180030,18.672222219994747,54.69833333109626
254160040,16.39058974489153,54.33469678704277
254170150,17.79095887548211,54.10781873788694
254189996,18.19935510672647,54.33510119522009
254170170,17.35674649201693,54.682573190156916
254179994,17.900947022085777,54.242646215063694
254169995,16.882496523378535,54.30005668331545
254160070,16.700833329964787,54.21861111108228
254179997,17.027728637445424,54.348826030767505
254190030,19.443867105089154,54.380147035784795
254190090,19.743509550439857,54.22987839760747
254180160,18.158048781480872,54.1158697248774
254170120,17.249410148917455,54.13085170189127
254170090,17.587930320170702,54.277788055485416
254170050,17.381388889974446,54.42250000109471
254159999,15.746161355645732,54.113183358799795
254160050,16.072222219961517,54.263333331035824
254170060,17.579549310312974,54.41620304705077
254180180,18.915297830107452,54.01445346180748
254189995,18.02798676166483,54.39851795746326
254170130,17.423265673602966,54.13835666900236
254190130,19.012242480100454,54.13403510795608
254170030,17.042436622454805,54.60679173235325
254169996,16.948417989861557,54.06593782103198
254190160,19.65934052862697,54.07053139859717
254179992,17.177835290254354,54.02322361154174
254190080,19.848762752076574,54.30055106515793
254160080,16.683159925862387,54.11865510170756
254180080,18.31863415009629,54.440982629923546
254160060,16.51649288986055,54.216414829629045
254160030,16.670312817015674,54.351767276707704
254190150,19.7514405113003,54.12978343852739
254170020,17.219142485718823,54.66473828660583
254170160,17.641830668182802,54.03559400912875
254190060,19.125431991851553,54.32763490229647
254179990,17.78014203444077,54.234835429054996
254190140,19.326844298518992,54.13303666387228
254180070,18.038909610376734,54.50759323671164
254190070,19.52259984289196,54.32518251574473
254180150,18.536921884995678,54.17331431080708
254150020,15.264834947758777,54.066422247536885
254179995,17.536165579073923,54.132856331653386
254170080,17.11831966074164,54.27429760572803
254180050,18.22506608983645,54.61320875962571
254180020,17.999415217592887,54.78863502233409
254189997,18.42877580807483,54.0823008007923
254190170,19.341353797729443,54.0387606052045
254170010,17.856348704082166,54.723769821856024
254180040,18.42568001467854,54.67628639992281
253199991,19.28310090323569,53.67855227614822
253160050,16.358076149383866,53.748049335095466
253190290,19.36279087394397,53.96511414398094
253190130,19.38057657948253,53.48508890554631
253170010,17.307150455528685,53.966639421493866
253180010,18.23113656983075,53.97585912949351
253190210,19.40265879725369,53.24500040302412
253180050,18.761258021555015,53.85932250130939
253190190,19.608722433085397,53.326143460783626
253190010,19.61876585731614,53.9775943573461
253179990,17.409451936802753,53.81343076111286
253180060,18.092768165455123,53.8406069487413
253179983,17.959351365899852,53.808545564133844
253179986,17.617828526750966,53.56596635875228
253159997,15.301771158902834,53.5834357724643
253190090,19.614189093442526,53.569753985956005
253190020,19.349773570136115,53.92091352036075
253180180,18.53918777109237,53.230992237621685
253180080,18.633611109994373,53.717777781097716
253180110,18.94531577643865,53.61120084653028
253189997,18.817180405655936,53.83541560128264
253140110,14.48443318417845,53.256847152046376
253160040,16.438849915719768,53.83577742092027
253170050,17.193796594144278,53.73783590962069
253199997,19.550000000008392,53.600000001097804
253190050,19.735827679974022,53.80599580661224
253190060,19.529444440008145,53.78250000109762
253170020,17.916286153264018,53.9566823476481
253180140,18.386238734581088,53.493965878778646
253170140,17.81314362975286,53.480456143164076
253170120,17.54611110997787,53.5422222210967
253140020,14.792568936510039,53.7909849704249
253199993,19.265815927699062,53.61180364484394
253179991,17.969246698075036,53.452080213442656
253179998,17.474954052845014,53.788270889790475
253170170,17.93503117460203,53.311284639838334
253180070,18.861407631806422,53.752223044391684
253170040,17.758391014358057,53.87490938005054
253190170,19.911779897643612,53.3625872278169
253180230,18.914811767812367,53.16012455373029
253190120,19.75777778001152,53.49888889109785
253170150,17.41364728710826,53.46065705222618
253150070,15.809242141025356,53.65061707445427
253190110,19.087238976987216,53.51709060451626
253179999,17.598812815309635,53.93447330823913
253190230,19.114444440001712,53.16611111109818
253190310,19.691166487003816,53.43083539637527
253150060,15.115833330036077,53.677500000767346
253199990,19.45136489650937,53.86820779659161
253180170,18.037320406062086,53.348317452065274
253189991,18.333119359160623,53.812419155226074
253180120,18.35537541980378,53.59898765015161
253180210,18.084166669986256,53.19194444109799
253160020,16.068104159987342,53.905556398159305
253190260,19.27327469583174,53.42064456491398
253190160,19.285250627549015,53.05991386629525
253190080,19.921165749999982,53.57036420420136
253170130,17.941766569826363,53.53660392895175
253150040,15.269492045611905,53.796139762323314
253140030,14.331853212329534,53.73245357618515
253150050,15.60584538576652,53.70154388057534
253159990,15.430963350641916,53.774913633133295
253179984,17.252572240453,53.799997070581846
253180160,18.930741586438938,53.39512365664919
253190240,19.52492682493509,53.15890219739794
253199992,19.045180661807507,53.65523551992757
253170030,17.148001056363086,53.89125064250934
253180130,18.606091245565562,53.55035506589468
253150080,15.152132866315728,53.61742570967791
253160010,16.773318097398995,53.947473153745065
253140180,14.503305401091827,53.50412583885918
253150030,15.710851509550668,53.88860097215578
253150010,15.456721369751358,53.96495713173403
253180030,18.53857117318997,53.95440860551705
253140050,14.631138936780378,53.65381371651382
253190040,19.038465856967562,53.81942912524362
253140170,14.593283605265603,53.36942508899337
253189994,18.44946218484871,53.40003320838271
253190250,19.203213928578208,53.151250466669104
253149991,14.963593441159782,53.73544370173433
253170090,17.763611109981138,53.58027778109733
253180190,18.386275736357675,53.210709033874146
253189999,18.915433113443815,53.951759445317244
253189993,18.948053444238756,53.28447444718561
253160030,16.314049208722455,53.86418463160994
253190140,19.989860755702505,53.47151621422609
253179988,17.787460188097764,53.31474585226107
253150020,15.062982008297947,53.94434755671953
253140010,14.615771584937429,53.83762822511633
253179985,17.48294418661293,53.59969767029956
253170060,17.840220982470072,53.70425476715861
253190180,19.375677772773013,53.33044336085122
252180010,18.218611109988377,52.98416667109816
252180030,18.94163706920315,52.944144986432256
252180050,18.302507251484258,52.84509808787088
253150090,15.659999999972554,53.5302780009633
254180090,18.486552499557536,54.37104765113403
254190190,19.431286050201525,54.16179970698768
354180135,18.81191661407225,54.60360674256525
354150100,15.3889851204117,54.158441656173686
354160105,16.15516727366441,54.20454234950543
354170125,17.756849467327626,54.55302535945945
354170120,17.534810341047823,54.75367640157187
354160115,16.854096776527705,54.588306325189286
353170235,17.53263101893722,53.71520087507049
353150210,15.393448437298337,53.76362244193707
353140205,14.622726920947288,53.395268769313056
353140200,14.242309133613851,53.923379622318556
353180250,18.59544759594116,53.04208108140473
254159998,15.98123051349136,54.003100387057984
254160020,16.36824361180035,54.430446841745884
254140010,14.728509028033667,54.0226771250108
254190050,19.67707899131545,54.36028654118714
354180155,18.934354162319213,54.333638349227115
254180060,18.55930590949236,54.51886799123373
254170040,17.228642030721602,54.487540896373844
254190120,19.163992353156562,54.187741220588606
254170140,17.961963028699003,54.12856186029643
254180170,18.83305555999739,54.081111111097286
254160110,16.98039749059839,54.01550285074448
254190020,19.74697697247196,54.42606610492046
254180140,18.091466155057986,54.27433997406374
254180010,18.33545904517402,54.8294454334131
253180220,18.045708223908093,53.1737171726888
253190030,19.828061604139812,53.908284644046795
253140060,14.888323536943942,53.59386503556447
253180150,18.709408064275877,53.4375760407897
253190220,19.824236298031234,53.25455815845473
253190070,19.214891757865576,53.739463666262154
253180020,18.747094172814144,53.98951282335359
253180040,18.548859957080875,53.982228068028384
253180090,18.175956420021,53.70466372811812
252190030,19.235518100711417,52.830605245806964
253170250,17.772610321246066,53.611408700269564
253150240,15.671206941008121,53.53727156747387
253170240,17.966220587880347,53.19157535405785
254170190,17.03567834450834,54.46328475704877
254180260,18.697944522993893,54.39977734658406
253180240,18.35320433406052,53.740667447418886
254180230,18.449253562261376,54.46862146824579
253140210,14.536941520893153,53.45726839265029
254180220,18.550623573681428,54.55191596374024
253190150,19.590986178171736,53.426079702387284
355180001,18.18252251045362,55.48084922837785
253140040,14.512724818269161,53.66291503324599
354190160,19.543547190157845,54.22319595976022
254170220,17.87571973594221,54.20009734586422
253190320,19.74220125828671,53.533069858247885
254170110,17.991582555082832,54.25357515446369
254169999,16.91425235652067,54.49684175906501
253150270,15.393456451175696,53.76362268333477
254179993,17.54723323379521,54.64735020234137
252189999,18.80654981990971,52.88085789061889
254179996,17.567916491592516,54.35650915242561
254189999,18.600131745150296,54.38340512659731
254230010,23.10693369632912,54.272792430829334
254220080,22.666125211704024,54.09117215193413
254210010,21.357859885970953,54.21236173754297
254200040,20.797644987573477,54.240368178865594
254200050,20.050768510660735,54.184338760332714
254190110,19.99131854385323,54.22184102095786
254220040,22.581696990527174,54.28687522163843
254200060,20.82795836628159,54.16287716014642
254210030,21.097498348772476,54.178895633416
254200030,20.491690544303754,54.294707652320085
254200020,20.89333333002965,54.32222222109206
254200070,20.33982831860063,54.158386754447264
254220070,22.422822101512985,54.171663029900756
254200010,20.226121596234286,54.3272681585098
254200090,20.23892476149967,54.07169295205125
254210040,21.649111522323594,54.16830197252006
254210050,21.924594328976085,54.127683415619316
254230020,23.35028609998828,54.101113189996994
254220050,22.91584797167118,54.27030348932522
254230030,23.074981301194494,54.07670787419756
254190180,19.93475236864419,54.00470251934951
254210020,21.734735965616064,54.223946703721374
254200110,20.42036697296087,54.03223068335446
254210060,21.305793830343667,54.007428772605074
254220020,22.037929056812857,54.32146636033647
254220010,22.697306300023655,54.351980946237184
253210080,21.25164528887877,53.67000161274977
253220260,22.984433938601715,53.05307019744433
253220040,22.967190605549412,53.80560692037687
253200030,20.959410371340656,53.85505450702125
253220160,22.454171359895856,53.27857959308864
253200180,20.90253563564856,53.25074234339672
253210240,21.150641362203615,53.17541798578355
253220080,22.930389424022387,53.61056844163185
253220050,22.108905872218585,53.69138552249192
253220030,22.327778312765766,53.8316908774747
253230110,23.025847567973095,53.17739324998132
253200120,20.326691550498897,53.43960356983358
253220250,22.24222649926382,53.07807847870454
253200040,20.2087124355059,53.73764157698603
253220010,22.39393907431847,53.99137152456589
253230130,23.658558804782203,53.09600110736213
253230060,23.340563328902697,53.35390957724375
253230030,23.22941942527949,53.45973001512391
253230010,23.218055559859653,53.7402777805577
253210250,21.050562335555373,53.14192052896144
253210230,21.451984554171894,53.23100155973445
253230040,23.041378321603244,53.4330702031308
253200010,20.856926111304457,53.98218029441962
253220170,22.878908276873396,53.288102664538975
253200210,20.79144882694324,53.15751337596289
253210270,21.76477290695679,53.049180395758825
253210190,21.133306037358384,53.38370201971628
253200110,20.410532772261533,53.479684352733564
253210020,21.14001438896835,53.96772138092549
253200090,20.71510278942991,53.5827876657573
253210060,21.154631325920384,53.80371981583247
253220240,22.46652625390537,53.09118423554401
253210040,21.34130101227186,53.88049474922723
253220150,22.80695076562892,53.40943856610504
253210150,21.146388890032252,53.51833333108792
253230150,23.526452010020552,53.17504541130096
253200070,20.578283081639793,53.65158336343288
253200060,20.995942976085924,53.674247201172015
253200080,20.299333232251847,53.56166832049369
253210070,21.959440932523968,53.805849760554665
253220120,22.645857586623098,53.482458946859126
253200050,20.69370000444364,53.724496501828206
253210110,21.811933395701896,53.63307009928299
253220230,22.13238621558642,53.112078169009955
253220060,22.441385444210916,53.69502137878031
253210180,21.794661558142373,53.390676353035495
253210120,21.269166670033954,53.586944441084086
253220020,22.779178719792313,53.98786765815352
253220130,22.40532711438338,53.413751598921536
253210170,21.37956106840707,53.49143567410172
253200160,20.753236902150377,53.326630694836524
253210030,21.554970055427862,53.940333417685686
253200020,20.486827810393795,53.909728423625204
253210010,21.926934705827225,53.99682442338604
253230080,23.179260939104438,53.21633573162207
253230050,23.502777779702896,53.4083333302992
253220140,22.155432793097557,53.38960496420226
253230090,23.343384283899947,53.221197281735314
253200170,20.584472958194986,53.304514982796164
253210090,21.645812709967483,53.61785776141913
253230070,23.65330647168991,53.299448918681726
253210050,21.667179575176085,53.88756203610411
253210160,21.5964584123802,53.511693716393616
253210140,21.902722724560718,53.52810012702294
253220210,22.770417170503016,53.20456402705256
253200130,20.641672708835817,53.429949953154626
253200140,20.947983084237848,53.39859325860233
253220190,22.40681302611661,53.20236798954931
253230140,23.34989860662015,53.01968232103733
253210260,21.802582569109248,53.14746943154467
253220220,22.673420433944813,53.15692139146357
252230030,23.754513915513435,52.93750189230741
252230090,23.19555693569471,52.86211739759309
252210020,21.535056536489833,52.8820014829797
252210010,21.266649210270977,52.93365627885704
252230110,23.57603953462028,52.74326966198075
252230070,23.390214538281693,52.83809123936973
252210040,21.84388889003722,52.832500001046306
252230080,23.897101645309686,52.8338932898061
252230040,23.51914946548005,52.91478761983994
252230060,23.72801671445196,52.87154206926078
252230010,23.87901031969934,52.972610371218025
252230130,23.546930748490343,52.68453209231562
252230050,23.096780810347788,52.90469927748374
252220020,22.959556284566915,52.94892775807477
252230020,23.43910786101335,52.937149969585164
252210030,21.666488311683967,52.872477829348846
252220010,22.32903719682449,52.97601714876453
252210070,21.183650491028466,52.58938073532035
354210185,21.36665991721167,54.06718788738355
354220195,22.948878124066766,54.13084796738563
353210280,21.589574138736097,53.7891434857542
353200272,20.421350846911608,53.76857766113275
353210285,21.533918593603584,53.06576129127976
353230295,23.162281307080264,53.10725901708551
254220030,22.268671478010933,54.30822133518067
254200080,20.58611792739373,54.135711689947975
254220090,22.487008072260387,54.047599042185176
253220070,22.578333398324528,53.65057566821085
253220270,22.75039243971149,53.02975353954621
253220280,22.141156954947764,53.23231035944454
253210210,21.350251534085928,53.38443988000535
253220110,22.60167772981615,53.55309001676552
253230020,23.401356509609933,53.635144485967245
253210130,21.01225396754373,53.57688817685381
252230120,23.84784211681504,52.70715439582665
252210050,21.0901293491531,52.727483198320044
253230160,23.332356683104237,53.21080188294963
254220110,22.030608868131907,54.2483433290631
253220290,22.931883113035845,53.609912390828406
253210280,21.86484118121821,53.28515620901909
252230230,23.522860611887218,52.916677286583266
252230240,23.724962944483487,52.86356028890097
253210290,21.7917737166823,53.3931872242154
253210220,21.82712875916657,53.296376233624
254200120,20.901943347534015,54.35470300727568
253230180,23.555094192745713,53.385762936851705
253220180,22.10264190207905,53.212783293785115
253230170,23.526364667496242,53.17504397439672
253229988,22.984897061609935,53.85075739982572
253229994,22.97025748833756,53.96759533180987
254219997,21.277470799023114,54.01438479696515
253219994,21.000442854212338,53.94600721696458
253229990,22.070697160148878,53.613826311066326
252239998,23.16762539666293,52.76693725328811
253229991,22.550759197266174,53.53345358010126
253239984,23.351731480638225,53.66070370937411
254199996,19.944187385495862,54.11434547726625
254229997,22.924659247997635,54.045856083326974
254209999,20.75268587087788,54.032092755733295
253209984,20.60454786023139,53.922271432046536
253239989,23.68373077910713,53.21866920471359
253220310,22.796440189239103,53.400168603852485
249199972,19.233656231307464,49.533164847798055
250189976,18.831826788964594,50.2359411606927
250189971,18.856740241791652,50.74801870628872
253239996,23.222573658560904,53.53215031391525
254189998,18.252216109733784,54.2504359937402
251159995,15.204954320135828,51.4987975334902
252189998,18.234758128932196,52.79900631795904
249189989,18.93434462348109,49.56994887098572
249229985,22.099083231010088,49.76166121169859
250159999,15.442104384011373,50.8230033406555
251169990,16.762338638641808,51.76711389987634
250199975,19.000171719144955,49.99908235829991
252219985,21.65019214110284,52.98289709750351
249189998,18.632228856026202,49.96704523207364
249209975,20.51542627636666,49.532788926931396
249219985,21.652015375318754,49.718374068621294
250209978,20.321060363467755,50.652812522049196
253239993,23.133493579024226,53.01076730691636
253169986,16.486746796774806,53.67767620441776
250169996,16.527469409103286,50.617000563507865
249209990,20.34371426192395,49.576142496628606
253149996,14.77920559725716,53.96708249893627
252209996,20.34987270972185,52.1717308779929
251219998,21.95875877721645,51.32950245404065
249199973,19.9871154868054,49.515188216721896
251169987,16.14284286476902,50.9956768620856
250189998,18.10887469458163,50.79450810349741
250219988,21.774731142611678,50.240549395843516
253219999,21.93931871272946,53.41349095320576
250159994,15.87751544279151,50.92844013887767
253189992,18.547734780261614,53.1850079803706
254169998,16.264827716532437,54.04060699898752
250209979,20.013199143317642,50.066643431148705
250199984,19.92597493211391,50.00192166139851
252209993,20.967738869500906,52.91491776213611
253239995,23.35323167839991,53.78493605530569
251239997,23.153620787395617,50.996495636238414
249219993,21.749326706363675,49.67514092632347
252159998,15.114788021713315,52.05328909058243
251169988,16.94841753888741,51.37187202815582
250189988,18.78592694141838,50.0803448334839
249209980,20.96736210580876,49.415577501671756
250189999,18.734060667887654,50.96635297879024
253229997,22.75671997142861,53.028705021957066
253209998,20.072725274468933,53.96732045747969
250169989,16.249082964538413,50.444507270782474
249199963,19.980525267692087,49.268649574306735
251169996,16.47196259652207,51.17473397182147
253229996,22.02149621216439,53.46601500369745
250169991,16.452172085824174,50.31376820345124
254209998,20.269306310840648,54.20239272352259
250189992,18.18133779517382,50.43289681147317
250189985,18.26471853465696,50.03421513864351
250169986,16.03482394437998,50.978734888180455
249229984,22.37985341476213,49.69839321059
253239988,23.453156048297746,53.32631610016552
253149998,14.96368996809338,53.341405938550984
254199995,19.992084556754968,54.34604507676316
251169998,16.048996709018926,51.32386037351634
252229998,21.99745366446766,52.382917983926475
251159990,15.300805670915512,51.10588872067457
250189996,18.697567453090784,50.6814765008226
250179993,17.944640649217096,50.052897191658786
251149996,14.975212425509358,51.798799222497415
251199999,19.362248929614502,51.892384024351195
249209971,20.854551455956294,49.530219564933475
250179992,17.212467329744957,50.39030904352523
253179989,17.247148777485215,53.282716828971
250179998,17.55555944879727,50.796111735731124
250229984,22.181115666124704,50.303947657754826
249199969,19.12963004860189,49.7767257285044
253159996,15.065715882896011,53.496582238992524
252239996,23.30850458555875,52.09254476835293
253209987,20.195727490764508,53.51484782325658
252239994,23.317324999181587,52.714898510946526
250189978,18.888261770773067,50.1707478266554
251199998,19.979030591088236,51.83374403238863
250159996,15.761830331426138,50.805692802482426
250229991,22.564313407231108,50.03936463749769
250209982,20.283479542491204,50.73696749473623
250209977,20.625221424890064,50.74896487342523
249189999,18.544886561516314,49.96787859192363
254199997,19.722660058884305,54.232994255987826
251229993,22.20922911348498,51.28432919890336
252219997,21.381279475253432,52.50812226764054
250169988,16.961181977704747,50.585016808875714
253219996,21.300461401770573,53.839731064649754
250199982,19.154957791820976,50.247387343431555
250169993,16.91809414169497,50.23391955183957
250169995,16.523794159595163,50.57946809723149
251229998,22.742441401878466,51.449357028788704
253239994,23.634023711880417,53.002479385341836
253219995,21.873552397624493,53.22821120512893
252239999,23.615928608239912,52.79998709714282
253239987,23.397411202720754,53.480982285651734
253239985,23.53269276726528,53.6270892952697
253229989,22.123934142984734,53.8051064161373
251159994,15.782613143362022,51.268962081552246
250209990,20.918351697476936,50.20063278449599
250189970,18.430898458102497,50.881685197044575
250159997,15.894841295434677,50.699070963731586
252199996,19.12146962500666,52.203174252121094
251219997,21.945906976550543,51.14585423065907
254209996,20.116619001309545,54.11752945236822
250179989,17.044631057387914,50.57642933077099
251159997,15.56189370681291,51.598282921044955
250189977,18.043599360869326,50.24104188741222
254209997,20.13648869144437,54.22957480521104
251159987,15.687451447074993,51.10440823124079
251149998,14.980841591549073,51.68411110403967
250219973,21.156384894142633,50.796519783957564
253229993,22.574330255148,53.823943356818944
252229997,22.828313346767388,52.305258412757134
251159993,15.544849448775118,51.09947274925954
250189990,18.49602221781461,50.461995298805654
250219979,21.276302604827574,50.44523864365947
253169997,16.081369506242822,53.76732682765001
250189980,18.516780776421875,50.05060152463184
253239998,23.11989960457872,53.401608435528054
250199998,19.21769813522319,50.68562227243862
251169985,16.27737428918102,51.626655224218666
250199979,19.350325663800653,50.48323119272336
253219991,21.182984175871216,53.64188658033671
250179996,17.874790873722752,50.58245405267469
249229988,22.52505877978432,49.91138565680032
250170320,17.56639114459245,50.313158130456934
253209993,20.892911819354573,53.03259569491316
252209999,20.658914537287373,52.920454075212824
250199981,19.702210319490277,50.236646508345935
250159989,15.824023165956463,50.7470759546117
254229999,22.779623454100285,54.2593506507067
251159986,15.148028806077205,51.20442928075794
250189969,18.678617167599526,50.88662274728948
251229999,22.600287823009413,51.76972786485029
250219975,21.98018359231491,50.2478726174713
253229995,22.041931835483847,53.93122373655579
249199962,19.883633870191396,49.391688342956634
253159999,15.95512524783585,53.77679410985615
253209985,20.814547408297965,53.470499861935565
250159995,15.944574254846067,50.812423754553805
253209986,20.85962815657363,53.10705610606761
250159988,15.447361146127804,50.866116038879234
253209996,20.940078486585186,53.76380365867696
254209995,20.433036968730686,54.14992621335038
254229996,22.969417848015386,54.321235821416984
252239993,23.26448007158453,52.931036907594915
253199995,19.51962415012512,53.98521912159685
251159988,15.449870320425545,51.08021634293664
252219986,21.33690800584572,52.833495009632784
250229989,22.337388184574674,50.351175272924266
254219998,21.037610290994607,54.07201182208493
252219992,21.91276081498224,52.01377624584026
250189994,18.120099813946055,50.51222377295638
250229985,22.613770974129235,50.16647791263535
250189997,18.583587093590236,50.799971156143314
252219995,21.90958171472452,52.221953282444815
250219974,21.212201103770575,50.72611316539912
249199961,19.03163714927401,49.6843990924388
249190690,19.031710567834285,49.684458585514264
253169999,16.982242397185928,53.946906502054844
250199985,19.974336978785175,50.60808561885942
254179999,17.107983393827872,54.47568519160557
254239999,23.19708633277008,54.18411951884744
253239991,23.5139703867169,53.08354894019793
251159991,15.82940096296288,51.036041820317834
250199994,19.101846056625092,50.282361764324214
250180390,18.547080759890008,50.260246372698575
250189989,18.516569397262582,50.201226241483425
249199968,19.63350152408592,49.921765874852255
250219981,21.969978075355098,50.440825739106415
253219992,21.916951385233148,53.61165611592312
253209992,19.995832484241685,53.459379825346495
252189995,18.91369075831623,52.61669553827489
253209988,20.413889920709973,53.66599170417557
249199967,19.6490817114402,49.825841345575505
250249999,24.03561830907724,50.84008359199484
253209999,20.645608398584912,53.97765402436763
250189983,18.98145853692256,50.01658902405428
249199971,19.583973658730198,49.73848989299697
253239999,23.20193028571216,53.88379538375594
253239986,23.115082965185902,53.577644333742256
251179996,17.167211876154717,51.499954972851924
250209974,20.688230190180786,50.52420625302403
253149992,14.550615732230797,53.47101554680736
250199990,19.807535845370843,50.623254843710946
253239983,23.104626688322202,53.67671639342367
253209989,20.733011559691,53.51030265203335
249190160,19.00158829368248,49.760283899640235
249219983,21.11778933126035,49.98304500837234
250179990,17.550104064391313,50.419054285383446
250189973,18.53397425976799,50.50939177814218
252219993,21.23727925257398,52.11573704948921
250199999,19.526328705880964,50.8233334378756
253209995,20.214229800353625,53.72778514928367
252199995,19.172473707126414,52.07920336014992
253239992,23.496258223977716,53.014766595863826
252159997,15.728263512255285,52.017983019656114
250189995,18.714241901769615,50.52826356673863
249209974,20.321797261009095,49.7319000931666
250199983,19.802246463365503,50.01790683829852
251239999,23.068199940563346,51.571315636169025
251179994,17.437623295779566,51.630635733716666
250169997,16.049346738237517,50.63345366974713
249189987,18.799204957635,49.706046955199476
249189991,18.851766633981562,49.71946899910429
253219997,21.38097092626142,53.29883767851566
249199970,19.342152371890492,49.76461513354135
249189995,18.980039031992927,49.79224220166588
253209994,20.3153267702255,53.50473142578932
253149997,14.547419945577927,53.934683502643374
249199966,19.653677009006298,49.64873545518282
250230030,23.758673248913635,50.752524335311925
253239990,23.805793204988362,53.110329891167225
249219984,21.61814210227305,49.946079960236524
250179991,17.429799669323746,50.41508962366094
253229992,22.215073240580992,53.18998810823222
254220060,22.02307247297308,54.25164183055806
249189988,18.985135901881424,49.59599988160391
249189992,18.83227540117775,49.60385937334131
252219987,21.705969639405495,52.755270565730385
249199983,19.822966499602746,49.324817153526254
251209998,20.612060990053926,51.100639846672784
250209980,20.312791677516042,50.052277800306655
249219994,21.895682726059107,49.73686411021169
250219980,21.385165018009307,50.27854037948875
254229998,22.92256993129984,54.20194649809631
251169994,16.65615005186483,51.32990404126433
250199977,19.063783006926002,50.58647080040132
253209991,20.67596625294555,53.825970403256584
254149999,14.81396341816655,54.017518757795685
253179997,17.037571528042374,53.69014284853999
251179992,17.474144305929897,51.19869946798533
253219993,21.359816337828576,53.07920758681047
249189990,18.796614621073935,49.872582156528146
251149999,14.665580419679499,51.74602481976527
250199996,19.416482948213492,50.50138712592995
249199965,19.571890547138413,49.69156218889068
250189974,18.74898717455319,50.41623009876036
249199964,19.952229648063213,49.97165331737922
250219977,21.548963839103262,50.71087480639183
250199978,19.097610789144213,50.495057180775134
251150250,15.026237879756408,51.135683034431345
251169995,16.911858434083197,51.06543235390834
354180131,18.0848338703539,54.71890793398925
252210290,21.429175388440328,52.57790016362082
253210310,21.56348197777644,53.08347177298193
253190340,19.584877492106482,53.967773453853006
252150110,15.486317190792695,52.589361380880376
254150030,15.3889851204117,54.158441656173686
253210320,21.950297089447222,53.82171589170918
251180340,18.83541991422554,51.94328797767788
253170270,17.13000182736448,53.26639248667143
251160350,16.039290050898817,51.87424951673661
254170230,17.991215233319142,54.25247827285487
253220320,22.693223467601275,53.7343133439795
253210340,21.315733788956603,53.886858722149256
253210330,21.54308091200117,53.046129913771736
253220330,22.105939929577566,53.211972795642616
253220340,22.92549304729134,53.7001881770562
253170280,17.823640534909526,53.42986107974088
252140170,14.822673638074669,52.465049888617884
254190210,19.21411621661788,54.3328599305283
251160360,16.05984372504494,51.67251319734056
253210350,21.9843586164428,53.447814627583405
253149999,14.518385127871857,53.65810868598596
253200230,20.88525397704238,53.99806156713706
354180140,18.697944522993893,54.39977734658406
251150410,15.888914965449235,51.01686303210435
252140180,14.899279756281361,52.65545460129582
251170370,17.09453200249088,51.99575800077516
254190230,19.861279769923893,54.389156815144645
253200240,20.87905555479347,53.98254266607167
252160310,16.817698844768216,52.20786079004865
252170340,17.200005681143647,52.160496680232285
252160320,16.783758493499146,52.65466356985655
253160210,16.473021214674038,53.63222498868548
253160220,16.178884214326445,53.212217946584985
252170350,17.615697360203868,52.84615413975139
251180350,18.704635729638042,51.62428664520969
252180310,18.706499575017276,52.36229417580475
249180520,18.880838023479882,49.853951301812764
249180090,18.882407399965903,49.85323702907193
249180280,18.940238900855423,49.58528915711442
